Date,Actual_Close,Predicted_Close_LSTM
2003-03-21,11.90854836,11.569462
2003-03-24,11.53085613,11.674546
2003-03-25,11.55622101,11.632059
2003-03-26,11.48012066,11.568326
2003-03-27,11.51676273,11.492696
2003-03-28,11.48012066,11.448206
2003-03-31,11.40966034,11.4154215
2003-04-01,11.38429165,11.376018
2003-04-02,11.68305969,11.339561
2003-04-03,11.61259651,11.405863
2003-04-04,11.80989742,11.460049
2003-10-27,12.86057281,11.556068
2003-10-28,12.91464424,11.957433
2003-10-29,13.04839897,12.343273
2003-10-30,13.09109116,12.651646
2003-10-31,13.20492554,12.8523445
2003-11-03,13.28460979,12.990715
2003-11-04,13.34721947,13.088209
2003-11-05,13.36998272,13.160166
2003-11-06,13.3813715,13.20766
2003-11-07,13.27038383,13.235526
2003-11-10,13.26753235,13.213129
2003-11-11,13.23907566,13.183638
2003-11-12,13.3984499,13.150275
2003-11-13,13.35575962,13.178088
2003-11-14,13.28745747,13.200255
2003-11-17,13.28460979,13.193041
2003-11-18,13.233385089999999,13.179071
2003-11-19,13.335832600000002,13.150535
2003-11-20,13.21915722,13.159986
2003-11-21,13.21061325,13.138936
2003-11-24,13.21061325,13.114117
2003-11-25,13.25330639,13.096077
2003-11-26,13.35052681,13.0996275
2003-11-28,13.29619694,13.139913
2003-12-01,13.44488621,13.160067
2003-12-02,13.44202709,13.216802
2003-12-03,13.55354786,13.264026
2003-12-04,13.48492146,13.3298
2003-12-05,13.40771103,13.356636
2003-12-08,13.65362644,13.338334
2003-12-09,13.6564827,13.392468
2003-12-10,13.77943134,13.44899
2003-12-11,13.836625099999997,13.529158
2003-12-12,14.11684322,13.608427
2003-12-15,14.23693943,13.753597
2003-12-16,14.49142075,13.90889
2003-12-17,14.34559441,14.100659
2003-12-18,14.27982807,14.189372
2003-12-19,14.32557678,14.196839
2003-12-22,14.34273911,14.191387
2003-12-23,14.34559441,14.187599
2003-12-24,14.26839256,14.185329
2003-12-26,14.28554344,14.15857
2003-12-29,14.34273911,14.140064
2003-12-30,14.44567394,14.149293
2003-12-31,14.511445999999998,14.197672
2004-01-02,14.3970623,14.26339
2004-01-05,14.41422558,14.273495
2004-01-06,14.35417843,14.270879
2004-01-07,14.26267529,14.24423
2004-01-08,14.33129787,14.188611
2004-01-09,14.1797533,14.166102
2004-01-12,14.29984474,14.109086
2004-01-13,14.21406746,14.103014
2004-01-14,14.23980045,14.084294
2004-01-15,14.21978855,14.078352
2004-01-16,14.26267529,14.071215
2004-01-20,14.276968,14.080548
2004-01-21,14.23407936,14.096281
2004-01-22,14.10540676,14.09439
2004-01-23,14.30843067,14.045458
2004-01-26,14.35131645,14.06744
2004-01-27,14.29413223,14.114779
2004-01-28,14.12256432,14.135878
2004-01-29,14.1797533,14.085707
2004-01-30,14.07967472,14.051371
2004-02-02,14.18546772,13.997996
2004-02-03,14.248381610000001,13.992797
2004-02-04,14.22550488,14.023439
2004-02-05,14.40564728,14.047266
2004-02-06,14.5800705,14.122362
2004-02-09,14.98324108,14.245344
2004-02-10,14.917471889999998,14.476706
2004-02-11,14.81168365,14.638206
2004-02-12,14.73733139,14.690496
2004-02-13,14.62295914,14.667113
2004-02-17,14.62295914,14.588149
2004-02-18,14.65155983,14.518548
2004-02-19,14.58292961,14.483399
2004-02-20,14.56576824,14.446934
2004-02-23,14.39420795,14.418566
2004-02-24,14.23407936,14.345085
2004-02-25,14.19690895,14.231317
2004-02-26,14.248381610000001,14.131376
2004-02-27,14.28554344,14.085641
2004-03-01,14.18833256,14.083552
2004-03-02,14.09110641,14.063634
2004-03-03,14.05108261,14.014904
2004-03-04,13.96243286,13.961398
2004-03-05,14.32557678,13.894507
2004-03-08,14.25695038,13.966901
2004-03-09,14.34845924,14.030682
2004-03-10,14.26839256,14.104326
2004-03-11,13.84594059,14.12956
2004-03-12,13.92353916,13.992108
2004-03-15,13.71087456,13.880376
2004-03-16,13.84020329,13.739131
2004-03-17,14.04710865,13.680126
2004-03-18,14.0930891,13.732173
2004-03-19,14.01837254,13.815792
2004-03-22,13.86606121,13.859356
2004-03-23,13.83157444,13.827181
2004-03-24,13.935030940000003,13.772259
2004-03-25,14.01263046,13.76095
2004-03-26,14.01837254,13.789904
2004-03-29,14.19654751,13.823964
2004-03-30,14.43506718,13.908045
2004-03-31,14.455185889999997,14.0583
2004-04-01,14.53565788,14.184491
2004-04-02,14.63623619,14.289077
2004-11-01,11.77267838,14.384651
2004-11-02,11.80753517,13.495657
2004-11-03,11.86562252,12.660178
2004-11-04,12.01376629,12.116697
2004-11-05,12.025383,11.876074
2004-11-08,11.99053097,11.809279
2004-11-09,11.97890759,11.812343
2004-11-10,11.95857811,11.836859
2004-11-11,11.89757538,11.8550415
2004-11-12,11.84819126,11.845945
2004-11-15,11.78719807,11.813817
2004-11-16,11.69134521,11.7622
2004-11-17,11.70005798,11.694606
2004-11-18,11.70005798,11.646314
2004-11-19,11.540302279999999,11.618568
2004-11-22,11.580965999999998,11.556969
2004-11-23,11.53449154,11.5176525
2004-11-24,11.56063271,11.482265
2004-11-26,11.57806015,11.467293
2004-11-29,11.60728741,11.4682255
2004-11-30,11.49037457,11.482767
2004-12-01,11.62483215,11.461512
2004-12-02,11.81482887,11.477518
2004-12-03,11.89959335,11.5565815
2004-12-06,11.80605888,11.6560335
2004-12-07,11.73882675,11.703066
2004-12-08,11.80605888,11.700203
2004-12-09,11.92882729,11.703074
2004-12-10,11.84698009,11.743147
2004-12-13,11.94343948,11.75632
2004-12-14,12.07205105,11.788051
2004-12-15,12.12174034,11.854484
2004-12-16,12.02235889,11.926312
2004-12-17,11.96974754,11.947191
2004-12-20,11.96974754,11.930345
2004-12-21,11.98435974,11.9065
2004-12-22,12.15389442,11.891782
2004-12-23,12.1334343,11.93674
2004-12-27,12.17435646,11.978844
2004-12-28,12.23281479,12.020812
2004-12-29,12.14804935,12.068024
2004-12-30,12.17435646,12.075409
2004-12-31,12.17143345,12.076889
2005-01-03,12.14220238,12.074121
2005-01-04,11.97266769,12.061738
2005-01-05,11.91713428,11.997996
2005-01-06,12.01651669,11.922544
2005-01-07,12.03112888,11.897432
2005-01-10,12.098362919999998,11.8988285
2005-01-11,12.03112888,11.929463
2005-01-12,12.03112888,11.938868
2005-01-13,11.90836048,11.939723
2005-01-14,11.97559261,11.899537
2005-01-18,12.05743122,11.880476
2005-01-19,12.01359177,11.897666
2005-01-20,12.08081913,11.906618
2005-01-21,11.9580555,11.932255
2005-01-24,11.97266769,11.916872
2005-01-25,12.05451488,11.899244
2005-01-26,12.18312931,11.910884
2005-01-27,12.20650768,11.966747
2005-01-28,12.12759113,12.02572
2005-01-31,12.12759113,12.043454
2005-02-01,12.10713196,12.044048
2005-02-02,12.25328159,12.032174
2005-02-03,12.20066071,12.065108
2005-02-04,12.41404724,12.083915
2005-02-07,12.41989326,12.15994
2005-02-08,12.46665668,12.23038
2005-02-09,12.49881172,12.2928
2005-02-10,12.42281342,12.343033
2005-02-11,12.49881172,12.349305
2005-02-14,12.52804279,12.36418
2005-02-15,12.46665668,12.384985
2005-02-16,12.65665817,12.381679
2005-02-17,12.568964,12.432676
2005-02-18,12.557274820000002,12.454785
2005-02-22,12.50757694,12.459256
2005-02-23,12.4461956,12.440835
2005-02-24,12.4695797,12.401989
2005-02-25,12.57480812,12.3764925
2005-02-28,12.51050186,12.3955345
2005-03-01,12.64788723,12.401557
2005-03-02,12.58065701,12.446224
2005-03-03,12.62158203,12.466341
2005-03-04,12.75603771,12.486844
2005-03-07,12.77942467,12.542429
2005-03-08,12.69172955,12.597488
2005-03-09,12.6303463,12.607467
2005-03-10,12.58942127,12.5819025
2005-03-11,12.49822044,12.540605
2005-03-14,12.45702934,12.478514
2005-03-15,12.42760658,12.417004
2005-03-16,12.33933926,12.366072
2005-03-17,12.35699558,12.306822
2005-03-18,12.19812202,12.270367
2005-03-21,12.239308359999999,12.20255
2005-03-22,12.18046856,12.160637
2005-03-23,12.11573601,12.120427
2005-03-24,12.12162495,12.073899
2005-03-28,12.09808731,12.042302
2005-03-29,12.17752934,12.017562
2005-03-30,12.34228134,12.027648
2005-03-31,12.25990486,12.095972
2005-04-01,12.17458153,12.134528
2005-10-31,12.74784851,12.126986
2005-11-01,12.70910835,12.286774
2005-11-02,12.67931652,12.431287
2005-11-03,12.6882515,12.519031
2005-11-04,12.604810710000002,12.56494
2005-11-07,12.637592319999998,12.556239
2005-11-08,12.55714417,12.543735
2005-11-09,12.5690527,12.507499
2005-11-10,12.67037201,12.47978
2005-11-11,12.74188995,12.494841
2005-11-14,12.6882515,12.540607
2005-11-15,12.65248775,12.565347
2005-11-16,12.55714417,12.5648
2005-11-17,12.47668076,12.526542
2005-11-18,12.57501125,12.4637575
2005-11-21,12.56011963,12.444112
2005-11-22,12.6167345,12.437962
2005-11-23,12.70910835,12.456424
2005-11-25,12.75380516,12.505931
2005-11-28,12.74784851,12.56337
2005-11-29,12.91281986,12.603296
2005-11-30,12.804835320000002,12.677546
2005-12-01,12.84983253,12.70274
2005-12-02,12.84383202,12.720453
2005-12-05,12.7928381,12.727336
2005-12-06,12.75984764,12.712528
2005-12-07,12.65786076,12.685479
2005-12-08,12.56187916,12.631029
2005-12-09,12.45089912,12.555882
2005-12-12,12.3429184,12.463608
2005-12-13,12.28592682,12.361952
2005-12-14,12.32491684,12.272422
2005-12-15,12.34591675,12.226932
2005-12-16,12.36091232,12.215777
2005-12-19,12.42390537,12.223793
2005-12-20,12.36391449,12.255313
2005-12-21,12.36091232,12.265182
2005-12-22,12.38191223,12.264999
2005-12-23,12.3429184,12.267912
2005-12-27,12.288930890000001,12.258106
2005-12-28,12.23193359,12.230881
2005-12-29,12.17794609,12.18941
2005-12-30,12.0909586,12.140052
2006-01-03,12.26792908,12.076832
2006-01-04,12.243932719999998,12.084635
2006-01-05,12.3039217,12.102762
2006-01-06,12.42090607,12.138245
2006-01-09,12.48089409,12.20448
2006-01-10,12.49289131,12.277675
2006-01-11,12.49889088,12.333764
2006-01-12,12.42990398,12.36885
2006-01-13,12.3909111,12.3644085
2006-01-17,12.30692101,12.33715
2006-01-18,12.243932719999998,12.284874
2006-01-19,12.27693081,12.222243
2006-01-20,12.02496815,12.186339
2006-01-23,12.14795017,12.091159
2006-01-24,12.26792908,12.048375
2006-01-25,12.339911460000001,12.070388
2006-01-26,12.44189644,12.127533
2006-01-27,12.58887386,12.210054
2006-01-30,12.52288532,12.320521
2006-01-31,12.41190434,12.383623
2006-02-01,12.44790173,12.378311
2006-02-02,12.36691284,12.365067
2006-02-03,12.26192856,12.326572
2006-02-06,12.27992916,12.259712
2006-02-07,12.30692101,12.211859
2006-02-08,12.36691284,12.192812
2006-02-09,12.297925,12.20743
2006-02-10,12.34591675,12.206433
2006-02-13,12.21993828,12.217087
2006-02-14,12.39990807,12.187753
2006-02-15,12.39990807,12.212507
2006-02-16,12.47489548,12.244159
2006-02-17,12.53488541,12.292047
2006-02-21,12.55287838,12.348442
2006-02-22,12.62187004,12.395454
2006-02-23,12.60687828,12.4465885
2006-02-24,12.6668663,12.477461
2006-02-27,12.75684357,12.511287
2006-02-28,12.58887386,12.563091
2006-03-01,12.69085598,12.550126
2006-03-02,12.57087708,12.555753
2006-03-03,12.5378828,12.525441
2006-03-06,12.5828743,12.484569
2006-03-07,12.5378828,12.467337
2006-03-08,12.6668663,12.447994
2006-03-09,12.7178545,12.475595
2006-03-10,12.82883358,12.523971
2006-03-13,12.83789825,12.599055
2006-03-14,12.92854118,12.660991
2006-03-15,12.9104166,12.728188
2006-03-16,12.898322109999999,12.769192
2006-03-17,12.92854118,12.785126
2006-03-20,12.95875835,12.797716
2006-03-21,12.91645241,12.814279
2006-03-22,12.92250061,12.812892
2006-03-23,12.81372738,12.809129
2006-03-24,12.88925838,12.77086
2006-03-27,12.80767918,12.759296
2006-03-28,12.7381897,12.73231
2006-03-29,12.7381897,12.68824
2006-03-30,12.72610664,12.653297
2006-03-31,12.65057373,12.628164
2006-10-30,14.3290844,12.5903425
2006-10-31,14.31682396,13.098659
2006-11-01,14.29230785,13.599245
2006-11-02,14.31376171,13.937507
2006-11-03,14.24940777,14.123786
2006-11-06,14.34440517,14.17738
2006-11-07,14.37811089,14.200805
2006-11-08,14.36585522,14.213981
2006-11-09,14.29537296,14.213995
2006-11-10,14.24021626,14.1866665
2006-11-13,14.22183132,14.143337
2006-11-14,14.26472664,14.106196
2006-11-15,14.29537296,14.094915
2006-11-16,14.44552803,14.104866
2006-11-17,14.48229885,14.16838
2006-11-20,14.41488552,14.2383175
2006-11-21,14.39956188,14.265177
2006-11-22,14.43327236,14.265723
2006-11-24,14.37811089,14.268678
2006-11-27,14.26472664,14.251637
2006-11-28,14.30456829,14.196654
2006-11-29,14.3878603,14.162839
2006-11-30,14.44647789,14.173664
2006-12-01,14.36625767,14.213529
2006-12-04,14.44647789,14.222456
2006-12-05,14.80739784,14.247279
2006-12-06,14.92462444,14.388712
2006-12-07,15.0295105,14.554604
2006-12-08,15.08812141,14.708708
2006-12-11,15.05727959,14.826774
2006-12-12,15.08504009,14.882412
2006-12-13,15.06653023,14.909318
2006-12-14,15.115894319999999,14.910159
2006-12-15,15.09429932,14.9187765
2006-12-18,15.08504009,14.91795
2006-12-19,15.04493618,14.912009
2006-12-20,15.038764,14.893265
2006-12-21,15.01100254,14.874931
2006-12-22,14.92462444,14.853241
2006-12-26,14.97707081,14.808532
2006-12-27,15.02026081,14.790824
2006-12-28,14.97398376,14.801204
2006-12-29,14.88452435,14.800616
2007-01-03,14.98633099,14.7676115
2007-01-04,14.99249554,14.771695
2007-01-05,14.88760757,14.786014
2007-01-08,14.98323727,14.7631
2007-01-09,14.99557781,14.77088
2007-01-10,15.01717472,14.787858
2007-01-11,15.03567791,14.80943
2007-01-12,14.97707081,14.831637
2007-01-16,14.96164513,14.826313
2007-01-17,14.99249554,14.809699
2007-01-18,14.91536903,14.805526
2007-01-19,14.88760757,14.779756
2007-01-22,14.81664944,14.747567
2007-01-23,14.844422340000001,14.700088
2007-01-24,14.84750652,14.674541
2007-01-25,14.788894649999998,14.664674
2007-01-26,14.7549572,14.643293
2007-01-29,14.71794415,14.615184
2007-01-30,14.74878502,14.582216
2007-01-31,14.77038383,14.569775
2007-02-01,14.83825493,14.574679
2007-02-02,14.88144207,14.606167
2007-02-05,14.77655411,14.649503
2007-02-06,14.82282639,14.646182
2007-02-07,14.81664944,14.647205
2007-02-08,14.76421547,14.645744
2007-02-09,14.73336601,14.625957
2007-02-12,14.78272247,14.59734
2007-02-13,14.87218571,14.592536
2007-02-14,14.77038383,14.626356
2007-02-15,14.761124610000001,14.625294
2007-02-16,14.7672987,14.612859
2007-02-20,14.73953629,14.602907
2007-02-21,14.67474937,14.587039
2007-02-22,14.59146309,14.553225
2007-02-23,14.57911968,14.497717
2007-02-26,14.72102737,14.450774
2007-02-27,14.3107338,14.470031
2007-02-28,14.40019608,14.363072
2007-03-01,14.35083675,14.2898245
2007-03-02,14.15649319,14.231777
2007-03-05,14.27988911,14.133527
2007-03-06,14.47731972,14.099666
2007-03-07,14.42179203,14.160779
2007-03-08,14.54518318,14.210746
2007-03-09,14.67474937,14.284616
2007-11-05,18.98853493,14.383854
2007-11-06,19.19937325,15.953792
2007-11-07,18.86895561,17.507124
2007-11-08,19.34413147,18.41066
2007-11-09,19.14273643,18.97093
2007-11-12,18.83747673,19.117058
2007-11-13,19.20881462,18.951406
2007-11-14,19.30952263,18.885113
2007-11-15,19.4951973,18.89211
2007-11-16,19.7060318,18.985422
2007-11-19,19.60533524,19.149921
2007-11-20,19.75953293,19.237452
2007-11-21,19.589593890000003,19.32396
2007-11-23,19.60533524,19.304964
2007-11-26,19.425951,19.270134
2007-11-27,19.81931877,19.169456
2007-11-28,19.93005943,19.242321
2007-11-29,19.86678314,19.37496
2007-11-30,19.6484642,19.449966
2007-12-03,19.68010521,19.396524
2007-12-04,19.85412407,19.340866
2007-12-05,19.94904327,19.370033
2007-12-06,19.95537376,19.446339
2007-12-07,19.98068619,19.50865
2007-12-10,20.01865196,19.55407
2007-12-11,19.92373466,19.591349
2007-12-12,20.17685318,19.574026
2007-12-13,20.27810287,19.647112
2007-12-14,20.18950844,19.752487
2007-12-17,19.76553345,19.790428
2007-12-18,19.68642807,19.628881
2007-12-19,19.88576508,19.446358
2007-12-20,19.70541763,19.403368
2007-12-21,19.95537376,19.342216
2007-12-24,19.9996624,19.402655
2007-12-26,19.93638802,19.49037
2007-12-27,19.711746220000002,19.529757
2007-12-28,19.70225143,19.454762
2007-12-31,19.41749382,19.374233
2008-01-02,19.32889748,19.209234
2008-01-03,19.531391139999997,19.051842
2008-01-04,19.56936264,19.036488
2008-01-07,20.03130913,19.081215
2008-01-08,20.11357689,19.309244
2008-01-09,20.65145111,19.53306
2008-01-10,20.74320602,19.884623
2008-01-11,20.17685318,20.166922
2008-01-14,20.344545359999998,20.09236
2008-01-15,20.12623787,20.015224
2008-01-16,19.82247925,19.868595
2008-01-17,19.62947845,19.638508
2008-01-18,19.21815872,19.400509
2008-01-22,18.60118103,19.093176
2008-01-23,18.62648773,18.653566
2008-01-24,18.94605827,18.363844
2008-01-25,18.48094749,18.349617
2008-01-28,18.79735184,18.24302
2008-01-29,18.52523804,18.284515
2008-01-30,18.27844238,18.249763
2008-01-31,18.66762543,18.119944
2008-02-01,18.74988747,18.162386
2008-02-04,18.55055428,18.264479
2008-02-05,18.161382680000003,18.27171
2008-02-06,18.25946426,18.105894
2008-02-07,18.49360085,17.994415
2008-02-08,18.74672508,18.024527
2008-02-11,18.82582092,18.176788
2008-02-12,18.95871544,18.339172
2008-02-13,18.79101944,18.49588
2008-02-14,18.52523804,18.527386
2008-02-15,18.59168816,18.41161
2008-02-19,18.38286209,18.321424
2008-02-20,18.42399406,18.187601
2008-02-21,18.34805679,18.108616
2008-02-22,18.43348503,18.046316
2008-02-25,18.59484673,18.047255
2008-02-26,18.83215141,18.127693
2008-02-27,18.99983788,18.291159
2008-02-28,18.81315994,18.481005
2008-02-29,18.49676704,18.535173
2008-03-03,18.67394638,18.411211
2008-03-04,18.78468895,18.351063
2008-03-05,18.88277435,18.366812
2008-03-06,18.69926453,18.43467
2008-03-07,18.620161059999997,18.42217
2008-11-03,14.67193031,18.365051
2008-11-04,14.85915184,16.847918
2008-11-05,14.43949318,15.618428
2008-11-06,14.362013820000001,14.745905
2008-11-07,14.93017197,14.260788
2008-11-10,14.81718922,14.257307
2008-11-11,14.34587288,14.367154
2008-11-12,14.14896584,14.329987
2008-11-13,14.93985271,14.206794
2008-11-14,14.5331068,14.365115
2008-11-17,14.19415188,14.40634
2008-11-18,14.0392065,14.286943
2008-11-19,13.64536762,14.116589
2008-11-20,13.25799084,13.855658
2008-11-21,14.20384121,13.530828
2008-11-24,14.6009016,13.607244
2008-11-25,14.54924583,13.900595
2008-11-26,14.77388668,14.149751
2008-11-28,15.2589674,14.385435
2008-12-01,14.43204784,14.702372
2008-12-02,14.301824569999999,14.648849
2008-12-03,15.02130699,14.466406
2008-12-04,14.56878662,14.544553
2008-12-05,14.96921921,14.510149
2008-12-08,14.96921921,14.598039
2008-12-09,14.59482479,14.690795
2008-12-10,14.75109482,14.627569
2008-12-11,14.39623451,14.595689
2008-12-12,14.51018429,14.459967
2008-12-15,14.64041424,14.380755
2008-12-16,15.12548733,14.38421
2008-12-17,14.80644417,14.576491
2008-12-18,14.70877457,14.65102
2008-12-19,14.46460438,14.637099
2008-12-22,14.53947926,14.519486
2008-12-23,14.31484318,14.435519
2008-12-24,14.35717106,14.310491
2008-12-26,14.51343536,14.232415
2008-12-29,14.4580965,14.245621
2008-12-30,14.62738037,14.263665
2008-12-31,14.73807907,14.336887
2009-01-02,14.94318008,14.438897
2009-01-05,14.79341888,14.583495
2009-01-06,14.55576134,14.640197
2009-01-07,14.62738037,14.572544
2009-01-08,14.72830868,14.515872
2009-01-09,14.51994705,14.512
2009-01-12,14.23671627,14.45378
2009-01-13,14.33111954,14.306722
2009-01-14,13.87534332,14.216447
2009-01-15,14.11625481,14.019225
2009-01-16,14.27252483,13.941339
2009-01-20,13.95998955,13.973366
2009-01-21,14.09346581,13.923745
2009-01-22,14.03812218,13.915774
2009-01-23,13.73861027,13.903161
2009-01-26,14.00881863,13.795102
2009-01-27,14.10649204,13.785502
2009-01-28,14.27903748,13.836824
2009-01-29,14.178109170000003,13.947777
2009-01-30,13.90789413,14.005863
2009-02-02,13.75163269,13.942233
2009-02-03,14.10323238,13.812974
2009-02-04,13.80371761,13.821382
2009-02-05,13.89813042,13.765092
2009-02-06,14.178109170000003,13.743521
2009-02-09,13.77441692,13.830649
2009-02-10,13.2404995,13.787409
2009-02-11,13.43584347,13.549378
2009-02-12,14.45158005,13.398408
2009-02-13,14.27577782,13.649689
2009-02-17,13.86882496,13.875317
2009-02-18,13.89487076,13.893185
2009-02-19,14.09672451,13.856492
2009-02-20,13.94696522,13.877686
2009-02-23,13.70279503,13.856346
2009-02-24,14.01859188,13.750203
2009-02-25,13.79394913,13.758253
2009-02-26,13.37072372,13.71995
2009-02-27,13.29910088,13.546809
2009-03-02,12.92145252,13.371548
2009-03-03,12.64147568,13.127219
2009-03-04,12.93447781,12.854716
2009-03-05,12.32242393,12.757492
2009-03-06,12.72937298,12.547049
2009-11-02,17.97073746,12.50589
2009-11-03,17.77001572,14.24319
2009-11-04,17.89379501,15.91118
2009-11-05,18.19821167,17.078854
2009-11-06,18.22831917,17.795101
2009-11-09,18.55950546,18.109125
2009-11-10,18.66988564,18.291624
2009-11-11,18.77693748,18.387114
2009-11-12,18.713377,18.450077
2009-11-13,18.88733482,18.447296
2009-11-16,18.98099899,18.494081
2009-11-17,19.02449226,18.575113
2009-11-18,18.9274826,18.640617
2009-11-19,19.02783394,18.63845
2009-11-20,19.22854996,18.656061
2009-11-23,19.48279572,18.746042
2009-11-24,19.46606636,18.91823
2009-11-25,19.43929863,19.039541
2009-11-27,19.26411438,19.090538
2009-11-30,19.27085304,19.032274
2009-12-01,19.56732178,18.967236
2009-12-02,19.52689171,19.036175
2009-12-03,19.29442978,19.096434
2009-12-04,19.36854935,19.043098
2009-12-07,19.49657822,19.009882
2009-12-08,19.43256569,19.041985
2009-12-09,19.48309898,19.053818
2009-12-10,19.73578262,19.076239
2009-12-11,19.91433144,19.19059
2009-12-14,19.89075661,19.35418
2009-12-15,19.89748764,19.459509
2009-12-16,19.68187714,19.511332
2009-12-17,19.196735380000003,19.440548
2009-12-18,19.1765213,19.172607
2009-12-21,19.26411438,18.947325
2009-12-22,19.29442978,18.850527
2009-12-23,19.30117035,18.83831
2009-12-24,19.35170746,18.861446
2009-12-28,19.35170746,18.909725
2009-12-29,19.45278549,18.948647
2009-12-30,19.43256569,19.010328
2009-12-31,19.20347595,19.046028
2010-01-04,19.21694946,18.971743
2010-01-05,18.98448181,18.901312
2010-01-06,18.97774887,18.76758
2010-01-07,18.93057442,18.666796
2010-01-08,18.58019829,18.594923
2010-01-11,18.95753098,18.426218
2010-01-12,19.16304398,18.443798
2010-01-13,19.21357536,18.58228
2010-01-14,19.24727058,18.724688
2010-01-15,18.96426582,18.830206
2010-01-19,19.00806046,18.776144
2010-01-20,18.69811821,18.716211
2010-01-21,18.317415240000003,18.553772
2010-01-22,18.2736187,18.28113
2010-01-25,18.31067657,18.066162
2010-01-26,18.23992538,17.96124
2010-01-27,18.36458397,17.903355
2010-01-28,18.2534008,17.932245
2010-01-29,18.27699089,17.935114
2010-02-01,18.32078362,17.942774
2010-02-02,18.5465107,17.965618
2010-02-03,18.48586845,18.06992
2010-02-04,18.0007267,18.133255
2010-02-05,17.88617706,17.980017
2010-02-08,17.73794365,17.784441
2010-02-09,18.19612312,17.591583
2010-02-10,18.12201118,17.641972
2010-02-11,18.26688194,17.712017
2010-02-12,18.1860218,17.822136
2010-02-16,18.46902084,17.873875
2010-02-17,18.64083481,17.998415
2010-02-18,18.83624649,18.158737
2010-02-19,18.77223969,18.34167
2010-02-22,18.65768433,18.435343
2010-02-23,18.47239494,18.424967
2010-02-24,18.583568569999997,18.31654
2010-02-25,17.8962841,18.262354
2010-02-26,17.76152039,17.978811
2010-03-01,17.94682121,17.694155
2010-03-02,17.95693207,17.582531
2010-03-03,18.16917992,17.564577
2010-03-04,18.35110474,17.664028
2010-03-05,18.4285965,17.830929
2010-03-08,18.34773254,17.986418
2010-03-09,18.2534008,18.051682
2010-03-10,18.260143279999998,18.03148
2010-03-11,18.20579529,17.995337
2010-03-12,18.12088966,17.943304
2010-11-08,21.55674744,17.874386
2010-11-09,21.61886787,19.1418
2010-11-10,21.58780861,20.32725
2010-11-11,21.67408562,21.044498
2010-11-12,21.71549988,21.376438
2010-11-15,21.72930908,21.461596
2010-11-16,21.42559814,21.42443
2010-11-17,21.57745361,21.224173
2010-11-18,22.033016200000002,21.112095
2010-11-19,22.19868279,21.24598
2010-11-22,22.18143082,21.458149
2010-11-23,21.9570961,21.605345
2010-11-24,22.298769,21.57814
2010-11-26,22.12620735,21.653913
2010-11-29,22.02890778,21.646517
2010-11-30,21.95245552,21.579405
2010-12-01,22.48414993,21.489618
2010-12-02,22.55365753,21.647993
2010-12-03,22.414644239999998,21.833872
2010-12-06,22.23741913,21.897554
2010-12-07,22.28953362,21.829407
2010-12-08,22.37641907,21.772533
2010-12-09,22.52932167,21.772896
2010-12-10,22.466766359999998,21.850582
2010-12-13,22.53627396,21.890024
2010-12-14,22.20613861,21.933968
2010-12-15,22.49804878,21.822668
2010-12-16,22.70655441,21.839163
2010-12-17,22.83166313,21.963696
2010-12-20,22.69612312,22.11813
2010-12-21,22.75868416,22.161476
2010-12-22,22.793437959999995,22.184532
2010-12-23,22.78995895,22.203127
2010-12-27,22.612728119999996,22.208424
2010-12-28,22.71350479,22.131632
2010-12-29,22.74478531,22.10672
2010-12-30,22.76215553,22.115953
2010-12-31,22.85598183,22.139107
2011-01-03,22.66485977,22.196491
2011-01-04,22.1957016,22.158861
2011-01-05,22.06365585,21.917225
2011-01-06,21.90379715,21.668434
2011-01-07,21.86556625,21.451675
2011-01-10,21.91422081,21.318893
2011-01-11,21.78564262,21.287004
2011-01-12,21.90727806,21.248323
2011-01-13,22.03238106,21.280626
2011-01-14,21.93855095,21.373003
2011-01-18,22.06018257,21.407997
2011-01-19,22.03932571,21.46592
2011-01-20,21.86904716,21.495977
2011-01-21,21.81344414,21.436544
2011-01-24,21.98025322,21.354536
2011-01-25,21.87947083,21.366806
2011-01-26,21.87947083,21.356176
2011-01-27,21.78912544,21.346334
2011-01-28,21.61884308,21.3044
2011-01-31,21.84124565,21.202072
2011-02-01,21.91074944,21.217045
2011-02-02,21.84472084,21.28422
2011-02-03,21.74394417,21.31317
2011-02-04,21.74046516,21.28094
2011-02-07,21.72656631,21.244537
2011-02-08,21.84820175,21.214998
2011-02-09,21.94550323,21.248566
2011-02-10,22.081031799999998,21.325052
2011-02-11,22.09145927,21.438528
2011-02-14,21.94202232,21.520262
2011-02-15,21.95940399,21.499132
2011-02-16,22.03238106,21.465075
2011-02-17,22.43202019,21.467665
2011-02-18,22.43202019,21.641901
2011-02-22,22.15748405,21.788868
2011-02-23,22.20961189,21.757042
2011-02-24,22.19918823,21.71259
2011-02-25,22.34861374,21.673054
2011-02-28,22.21308517,21.710598
2011-03-01,22.55713081,21.695211
2011-03-02,22.39031792,21.816643
2011-03-03,22.78648376,21.852879
2011-03-04,22.66137505,22.01969
2011-03-07,22.66485977,22.096277
2011-03-08,22.81080437,22.119223
2011-03-09,22.80386543,22.175638
2011-03-10,22.6891861,22.210772
2011-03-11,22.68567657,22.176062
2011-11-07,24.21267128,22.134554
2011-11-08,24.36886215,22.748693
2011-11-09,23.79380798,23.342064
2011-11-10,23.92159271,23.442547
2011-11-11,24.1807251,23.42371
2011-11-14,24.06358528,23.473227
2011-11-15,24.13813019,23.455736
2011-11-16,23.78670502,23.4553
2011-11-17,23.64826584,23.302855
2011-11-18,23.92159271,23.116222
2011-11-21,23.41043472,23.114828
2011-11-22,23.41753006,22.943382
2011-11-23,23.02706909,22.808996
2011-11-25,22.98091888,22.57463
2011-11-28,23.13355064,22.399755
2011-11-29,23.66630936,22.380325
2011-11-30,24.03816223,22.638979
2011-12-01,23.89513397,23.026081
2011-12-02,23.7342453,23.229733
2011-12-05,23.70920944,23.233942
2011-12-06,23.84149742,23.167643
2011-12-07,23.87726402,23.157753
2011-12-08,23.85938644,23.176172
2011-12-09,24.15972519,23.184725
2011-12-12,23.916584010000005,23.316149
2011-12-13,23.77000046,23.317942
2011-12-14,23.69134331,23.22516
2011-12-15,23.916584010000005,23.110373
2011-12-16,24.11323929,23.131395
2011-12-19,24.0882225,23.261446
2011-12-20,24.45649719,23.356724
2011-12-21,24.87483025,23.56402
2011-12-22,24.73896027,23.890472
2011-12-23,25.007125850000005,24.04744
2011-12-27,24.9856739,24.208458
2011-12-28,24.8533783,24.281303
2011-12-29,25.08578682,24.235504
2011-12-30,25.0178566,24.273602
2012-01-03,25.07863617,24.279488
2012-01-04,24.92131042,24.299273
2012-01-05,24.80332375,24.242476
2012-01-06,24.645998,24.13887
2012-01-09,24.645998,23.997591
2012-01-10,24.792593,23.906946
2012-01-11,24.33493042,23.932829
2012-01-12,24.15972519,23.780989
2012-01-13,23.95234871,23.580004
2012-01-17,24.08106422,23.364056
2012-01-18,24.16687584,23.294342
2012-01-19,24.1168232,23.332127
2012-01-20,24.345655439999998,23.366901
2012-01-23,24.502977370000004,23.491325
2012-01-24,24.27772522,23.655878
2012-01-25,24.46721458,23.665344
2012-01-26,24.31705666,23.713415
2012-01-27,24.11323929,23.67995
2012-01-30,24.12040138,23.551113
2012-01-31,24.1454277,23.454172
2012-02-01,24.25984383,23.415741
2012-02-02,24.25269699,23.459076
2012-02-03,24.34207916,23.504292
2012-02-06,24.32420158,23.572664
2012-02-07,24.51012802,23.610424
2012-02-08,24.431461329999998,23.704422
2012-02-09,24.302747730000004,23.736895
2012-02-10,24.2920208,23.683384
2012-02-13,24.47079849,23.624
2012-02-14,24.63527489,23.663086
2012-02-15,24.45649719,23.780548
2012-02-16,24.62097359,23.791643
2012-02-17,24.68890572,23.843687
2012-02-21,24.60666847,23.910063
2012-02-22,24.76041412,23.914661
2012-02-23,24.7353878,23.967327
2012-02-24,24.67102242,23.995226
2012-02-27,24.61024284,23.976122
2012-02-28,24.61739349,23.92559
2012-02-29,24.97852707,23.8903
2012-03-01,24.88555145,24.029621
2012-03-02,24.7353878,24.112059
2012-03-05,24.75326157,24.082634
2012-03-06,24.58521652,24.04382
2012-03-07,24.59593773,23.942566
2012-03-08,24.76755905,23.873053
2012-03-09,24.8533783,23.914745
2012-11-05,26.84900093,24.005117
2012-11-06,27.323616029999997,24.94816
2012-11-07,26.81249619,25.914066
2012-11-08,26.54961395,26.241096
2012-11-09,26.49850655,26.129723
2012-11-12,26.34517288,25.903648
2012-11-13,26.40359116,25.653608
2012-11-14,26.29405403,25.520948
2012-11-15,26.60072899,25.423063
2012-11-16,26.69566917,25.517874
2012-11-19,27.19219398,25.665407
2012-11-20,27.19948196,25.989635
2012-11-21,27.30171776,26.215357
2012-11-23,27.69602203,26.361048
2012-11-26,27.27980232,26.593111
2012-11-27,27.323616029999997,26.543575
2012-11-28,27.61402893,26.460695
2012-11-29,27.91545486,26.527224
2012-11-30,27.87869835,26.731968
2012-12-03,27.48168945,26.861326
2012-12-04,27.31258774,26.73208
2012-12-05,27.43022346,26.516193
2012-12-06,27.48168945,26.421797
2012-12-07,27.72429848,26.420303
2012-12-10,27.67284012,26.556051
2012-12-11,27.83458328,26.644976
2012-12-12,27.67284012,26.760506
2012-12-13,27.64343452,26.75523
2012-12-14,27.68754578,26.707193
2012-12-17,27.56991577,26.685371
2012-12-18,27.40816689,26.623474
2012-12-19,27.04056931,26.506588
2012-12-20,27.23906898,26.262594
2012-12-21,27.12143135,26.188503
2012-12-24,27.00380707,26.136877
2012-12-26,26.77589989,26.068188
2012-12-27,26.77589989,25.92886
2012-12-28,26.44506454,25.838692
2012-12-31,26.65092087,25.655245
2013-01-02,27.64343452,25.628504
2013-01-03,27.64343452,26.10204
2013-01-04,27.68754578,26.495329
2013-01-07,27.42286873,26.722893
2013-01-08,27.23171616,26.681469
2013-01-09,27.22436714,26.494001
2013-01-10,27.1729126,26.338825
2013-01-11,27.13613892,26.230404
2013-01-14,27.19496346,26.165352
2013-01-15,27.43758392,26.170078
2013-01-16,27.43758392,26.304413
2013-01-17,27.57725906,26.41376
2013-01-18,27.71695137,26.53364
2013-01-22,27.29788589,26.664066
2013-01-23,27.29788589,26.544739
2013-01-24,27.28318024,26.415405
2013-01-25,27.23906898,26.328289
2013-01-28,27.20966339,26.269436
2013-01-29,27.51109123,26.232922
2013-01-30,27.56991577,26.358032
2013-01-31,27.37876701,26.495863
2013-02-01,27.59931564,26.491753
2013-02-04,27.45962715,26.55478
2013-02-05,28.0404377,26.5374
2013-02-06,28.165420529999995,26.77135
2013-02-07,28.60654068,27.01544
2013-02-08,28.50360489,27.355282
2013-02-11,28.38598061,27.512005
2013-02-12,27.61402893,27.492031
2013-02-13,27.35669708,27.071253
2013-02-14,27.08468246,26.617586
2013-02-15,27.51109123,26.229292
2013-02-19,27.69488716,26.22872
2013-02-20,27.73900414,26.416845
2013-02-21,27.72429848,26.60391
2013-02-22,28.31981659,26.710255
2013-02-25,27.73165512,27.02277
2013-02-26,28.01838493,26.97096
2013-02-27,28.26834869,26.983839
2013-02-28,28.46684647,27.109951
2013-03-01,28.45215034,27.294409
2013-03-04,28.54037476,27.401438
2013-03-05,28.43744278,27.478603
2013-03-06,28.68741608,27.458841
2013-03-07,28.76092911,27.533655
2013-03-08,28.834453580000005,27.62507
2013-11-04,29.67440796,27.710016
2013-11-05,29.66690063,28.140917
2013-11-06,30.07998085,28.450546
2013-11-07,29.91475296,28.779705
2013-11-08,30.07998085,28.870926
2013-11-11,29.94479942,28.926807
2013-11-12,29.952310560000004,28.867704
2013-11-13,30.13255501,28.800951
2013-11-14,30.20016289,28.839209
2013-11-15,30.20765877,28.912376
2013-11-18,30.17011452,28.963375
2013-11-19,30.14758301,28.965763
2013-11-20,30.08750343,28.94182
2013-11-21,30.36538124,28.890985
2013-11-22,30.36538124,28.986122
2013-11-25,30.32032204,29.070433
2013-11-26,30.23020172,29.093292
2013-11-27,30.39659309,29.047096
2013-11-29,30.39659309,29.081228
2013-12-02,30.31339264,29.115437
2013-12-03,30.51758957,29.094507
2013-12-04,30.53273392,29.165724
2013-12-05,30.12431335,29.230848
2013-12-06,30.60080338,29.071924
2013-12-09,30.55542183,29.157257
2013-12-10,30.13944054,29.23464
2013-12-11,30.35121155,29.081144
2013-12-12,29.65539742,29.044632
2013-12-13,29.67052078,28.721962
2013-12-16,29.70077324,28.49266
2013-12-17,29.57219315,28.406443
2013-12-18,30.26801109,28.342161
2013-12-19,30.14700317,28.648815
2013-12-20,30.2831459,28.853027
2013-12-23,30.37389946,29.010323
2013-12-24,30.39659309,29.122028
2013-12-26,30.62348557,29.17539
2013-12-27,30.75206184,29.28941
2013-12-30,31.07727242,29.418633
2013-12-31,31.24367332,29.640596
2014-01-02,30.75206184,29.853758
2014-01-03,30.60080338,29.72579
2014-01-06,30.45709038,29.497288
2014-01-07,30.54784966,29.27278
2014-01-08,30.20750999,29.193562
2014-01-09,30.04868698,29.027956
2014-01-10,30.35121155,28.852682
2014-01-13,29.897420880000002,28.904266
2014-01-14,30.01843071,28.778385
2014-01-15,30.07136726,28.73525
2014-01-16,30.03354836,28.75838
2014-01-17,29.70832825,28.774162
2014-01-21,30.192375180000003,28.633104
2014-01-22,30.17726326,28.749895
2014-01-23,29.67808342,28.865868
2014-01-24,29.37555122,28.698782
2014-01-27,29.29235077,28.401829
2014-01-28,29.39823914,28.168814
2014-01-29,28.66461754,28.109219
2014-01-30,28.86881065,27.785196
2014-01-31,28.60411453,27.65339
2014-02-03,28.13518906,27.509974
2014-02-04,28.34696579,27.225887
2014-02-05,28.44528389,27.144733
2014-02-06,28.76293755,27.20065
2014-02-07,28.70242882,27.422533
2014-02-10,29.17134476,27.565258
2014-02-11,29.224294659999998,27.846592
2014-02-12,29.12596321,28.054354
2014-02-13,29.23185539,28.100758
2014-02-14,29.44362831,28.128242
2014-02-18,28.3393898,28.226511
2014-02-19,28.05954742,27.77743
2014-02-20,28.21081543,27.27391
2014-02-21,28.12005806,27.049196
2014-02-24,28.36208725,26.956295
2014-02-25,28.56628609,27.063694
2014-02-26,28.64192772,27.277857
2014-02-27,28.793189999999996,27.465946
2014-02-28,28.8915081,27.636599
2014-03-03,28.83100319,27.768476
2014-03-04,28.97470284,27.79686
2014-03-05,29.00495911,27.84743
2014-03-06,29.09571266,27.887985
2014-03-07,29.15621948,27.94555
2014-11-03,32.34603119,28.005138
2014-11-04,32.35375977,29.530834
2014-11-05,32.73283768,30.7092
2014-11-06,32.71737289,31.436516
2014-11-07,32.74058533,31.662544
2014-11-10,32.79473495,31.620094
2014-11-11,32.88757324,31.511688
2014-11-12,33.04229355,31.450079
2014-11-13,33.10420227,31.48451
2014-11-14,33.0577774,31.546507
2014-11-17,33.20476913,31.561087
2014-11-18,33.67668533,31.620192
2014-12-08,33.60566711,31.884089
2014-12-09,32.74876785,32.02934
2014-12-10,32.40601349,31.658628
2014-12-11,32.35148621,31.175337
2014-12-12,31.868513109999995,30.862783
2014-12-15,31.60365486,30.51099
2014-12-16,31.46343994,30.206202
2014-12-17,32.36706161,30.00554
2014-12-18,33.02141571,30.37314
2014-12-19,32.67866898,31.030554
2014-12-22,32.99024963,31.293497
2014-12-23,33.47323227,31.489826
2014-12-24,33.44986725,31.793583
2014-12-26,33.46544647,31.949392
2014-12-29,33.38753891,31.989971
2014-12-30,33.30964279,31.931328
2014-12-31,32.88898468,31.828121
2015-01-02,32.82666779,31.553335
2015-01-05,32.82666779,31.337435
2015-01-06,33.07595444,31.2372
2015-01-07,33.48881149,31.33954
2015-01-09,33.51996994,31.648317
2015-01-12,33.21617126,31.878445
2015-01-13,33.20838547,31.834232
2015-01-14,33.15384674,31.737656
2015-01-15,33.01362991,31.638926
2015-01-16,33.13047791,31.515024
2015-01-20,33.62123108,31.502432
2015-01-21,33.77703857,31.761843
2015-01-23,33.7380867,32.039436
2015-01-26,33.49660873,32.171516
2015-01-27,33.02141571,32.08299
2015-01-28,32.6552887,31.745779
2015-01-29,32.79551315,31.329254
2015-01-30,32.07104874,31.159834
2015-02-02,32.39822006,30.786076
2015-02-03,32.42938995,30.717432
2015-02-04,32.4683342,30.77796
2015-02-05,32.55403137,30.874258
2015-02-06,32.28916931,30.984818
2015-02-09,32.11779404,30.92309
2015-02-10,33.02921295,30.769604
2015-02-11,33.0058403,31.104406
2015-02-12,32.85004044,31.381744
2015-02-13,32.70982742,31.443068
2015-02-17,32.56960678,31.352709
2015-02-18,32.50727844,31.192266
2015-02-19,32.80329895,31.054804
2015-02-20,32.69425201,31.128857
2015-02-23,32.60076523,31.166084
2015-02-24,32.81887817,31.138023
2015-02-25,32.75656128,31.2153
2015-02-26,33.07595444,31.247547
2015-02-27,33.73030472,31.408478
2015-03-02,33.65240097,31.836847
2015-03-03,33.45765686,32.081642
2015-03-04,33.10709763,32.06723
2015-03-05,33.02921295,31.816414
2015-03-06,32.34369278,31.580124
2015-11-02,33.74113464,31.122076
2015-11-03,33.67722321,31.510765
2015-11-04,33.52545929,31.882364
2015-11-05,33.8130188,32.015472
2015-11-06,33.51746368,32.167767
2015-11-09,33.18196869,32.0946
2015-11-10,33.3657074,31.833208
2015-11-11,33.58137131,31.735088
2015-11-12,33.21392822,31.82306
2015-11-13,33.05416107,31.738203
2015-11-16,33.51746368,31.585476
2015-11-17,33.28581619,31.713083
2015-11-18,33.7730751,31.732742
2016-01-07,33.50083542,31.96097
2016-01-08,33.41230011,31.99314
2016-01-11,33.46864319,31.922192
2016-01-13,33.68596649,31.88348
2016-01-14,33.71011734,31.971722
2016-01-15,33.40424728,32.05688
2016-01-19,33.74230957,31.953066
2016-01-20,33.30765915,32.019375
2016-01-21,33.31570435,31.876637
2016-11-10,33.73857117,31.761112
2016-11-11,33.8127327,31.909864
2016-11-18,33.71385574,32.086452
2016-11-30,33.53347397,32.141396
2016-12-01,33.38388443,32.053158
2016-12-02,33.54177856,31.89648
2016-12-05,33.75786209,31.871693
2016-12-06,33.71630859,31.994217
2017-02-10,33.72460938,32.074436
2017-02-13,33.75786209,32.114174
2017-02-14,33.68306732,32.140255
2017-02-15,33.60826111,32.110367
